CountryID,Countries,ISO Code,Region,Human Freedom Score,Personal Freedom Score,Economic Index Score
6,Armenia,ARM,Caucasus & Central Asia,0.194078947368421,0.04054054054054068,0.1643454038997216
9,Azerbaijan,AZE,Caucasus & Central Asia,-0.2006578947368422,-0.195945945945946,0.10027855153203367
61,Georgia,GEO,Caucasus & Central Asia,0.29934210526315796,0.12612612612612625,0.39275766016713115
84,Kazakhstan,KAZ,Caucasus & Central Asia,0.023026315789473777,-0.06306306306306293,0.10027855153203367
90,Kyrgyz Republic,KGZ,Caucasus & Central Asia,0.04934210526315801,0.018018018018018035,0.01392757660167131
161,Tajikistan,TJK,Caucasus & Central Asia,-0.34868421052631593,-0.33333333333333326,-0.17270194986072412
