CountryID,Countries,ISO Code,Region,Human Freedom Score,Personal Freedom Score,Economic Index Score
29,Canada,CAN,North America,0.5986842105263159,0.506756756756757,0.44289693593314783
175,United States,USA,North America,0.536184210526316,0.3941441441441444,0.4178272980501393
