CountryID,Countries,ISO Code,Region,Human Freedom Score,Personal Freedom Score,Economic Index Score
7,Australia,AUS,Oceania,0.588815789473684,0.49324324324324337,0.5320334261838443
56,Fiji,FJI,Oceania,0.11184210526315784,0.14414414414414428,0.011142061281337207
120,New Zealand,NZL,Oceania,0.6743421052631581,0.5180180180180181,0.6295264623955434
128,Papua New Guinea,PNG,Oceania,-0.07565789473684224,-0.029279279279279258,-0.09470752089136486
